INSERT INTO users (id, email, display_name, password_hash, avatar_url, created_at, updated_at)
VALUES (
    '11111111-1111-1111-1111-111111111111',
    'demo@example.com',
    'Demo User',
    NULL,
    NULL,
    now(),
    now()
)
ON CONFLICT (id) DO NOTHING;

INSERT INTO trips (id, owner_id, client_id, title, start_date, end_date, timezone, cover_image_url, version, created_at, updated_at, deleted_at)
VALUES (
    '7a835df2-a238-4c4b-9f36-5da11a42b40e',
    '11111111-1111-1111-1111-111111111111',
    '7a835df2-a238-4c4b-9f36-5da11a42b40e',
    'Europe Trip',
    DATE '2026-07-03',
    DATE '2026-07-21',
    'Europe/Madrid',
    NULL,
    1,
    now(),
    now(),
    NULL
)
ON CONFLICT (id) DO NOTHING;

INSERT INTO trip_members (id, trip_id, user_id, role, joined_at)
VALUES (
    '11111111-2222-1111-1111-111111111111',
    '7a835df2-a238-4c4b-9f36-5da11a42b40e',
    '11111111-1111-1111-1111-111111111111',
    'owner',
    now()
)
ON CONFLICT (trip_id, user_id) DO NOTHING;

INSERT INTO trip_cities (id, trip_id, name, sort_order, created_at)
VALUES
    ('20000000-0000-0000-0000-000000000001', '7a835df2-a238-4c4b-9f36-5da11a42b40e', 'Барселона', 0, now()),
    ('20000000-0000-0000-0000-000000000002', '7a835df2-a238-4c4b-9f36-5da11a42b40e', 'Ибица', 1, now()),
    ('20000000-0000-0000-0000-000000000003', '7a835df2-a238-4c4b-9f36-5da11a42b40e', 'Ницца', 2, now()),
    ('20000000-0000-0000-0000-000000000004', '7a835df2-a238-4c4b-9f36-5da11a42b40e', 'Париж', 3, now()),
    ('20000000-0000-0000-0000-000000000005', '7a835df2-a238-4c4b-9f36-5da11a42b40e', 'Брюссель', 4, now()),
    ('20000000-0000-0000-0000-000000000006', '7a835df2-a238-4c4b-9f36-5da11a42b40e', 'Амстердам', 5, now())
ON CONFLICT (trip_id, sort_order) DO NOTHING;

INSERT INTO trip_parties (id, trip_id, user_id, display_name, created_at)
VALUES
    ('30000000-0000-0000-0000-000000000001', '7a835df2-a238-4c4b-9f36-5da11a42b40e', NULL, 'Алиса', now()),
    ('30000000-0000-0000-0000-000000000002', '7a835df2-a238-4c4b-9f36-5da11a42b40e', NULL, 'Яна', now()),
    ('30000000-0000-0000-0000-000000000003', '7a835df2-a238-4c4b-9f36-5da11a42b40e', NULL, 'Уля', now()),
    ('30000000-0000-0000-0000-000000000004', '7a835df2-a238-4c4b-9f36-5da11a42b40e', NULL, 'Маша', now())
ON CONFLICT (id) DO NOTHING;

INSERT INTO trip_days (id, trip_id, client_id, local_id, date, city_id, city_name_snapshot, sort_order, version, created_at, updated_at)
VALUES
    ('40000000-0000-0000-0000-000000000001', '7a835df2-a238-4c4b-9f36-5da11a42b40e', NULL, '0', DATE '2026-07-03', '20000000-0000-0000-0000-000000000001', 'Барселона', 0, 1, now(), now()),
    ('40000000-0000-0000-0000-000000000002', '7a835df2-a238-4c4b-9f36-5da11a42b40e', NULL, '1', DATE '2026-07-04', '20000000-0000-0000-0000-000000000001', 'Барселона', 1, 1, now(), now()),
    ('40000000-0000-0000-0000-000000000003', '7a835df2-a238-4c4b-9f36-5da11a42b40e', NULL, '2', DATE '2026-07-05', '20000000-0000-0000-0000-000000000001', 'Барселона', 2, 1, now(), now()),
    ('40000000-0000-0000-0000-000000000004', '7a835df2-a238-4c4b-9f36-5da11a42b40e', NULL, '3', DATE '2026-07-06', '20000000-0000-0000-0000-000000000001', 'Барселона', 3, 1, now(), now()),
    ('40000000-0000-0000-0000-000000000005', '7a835df2-a238-4c4b-9f36-5da11a42b40e', NULL, '4', DATE '2026-07-07', '20000000-0000-0000-0000-000000000002', 'Ибица', 4, 1, now(), now()),
    ('40000000-0000-0000-0000-000000000006', '7a835df2-a238-4c4b-9f36-5da11a42b40e', NULL, '5', DATE '2026-07-08', '20000000-0000-0000-0000-000000000002', 'Ибица', 5, 1, now(), now()),
    ('40000000-0000-0000-0000-000000000007', '7a835df2-a238-4c4b-9f36-5da11a42b40e', NULL, '6', DATE '2026-07-09', '20000000-0000-0000-0000-000000000002', 'Ибица', 6, 1, now(), now()),
    ('40000000-0000-0000-0000-000000000008', '7a835df2-a238-4c4b-9f36-5da11a42b40e', NULL, '7', DATE '2026-07-10', '20000000-0000-0000-0000-000000000003', 'Ницца', 7, 1, now(), now()),
    ('40000000-0000-0000-0000-000000000009', '7a835df2-a238-4c4b-9f36-5da11a42b40e', NULL, '8', DATE '2026-07-11', '20000000-0000-0000-0000-000000000003', 'Ницца', 8, 1, now(), now()),
    ('40000000-0000-0000-0000-000000000010', '7a835df2-a238-4c4b-9f36-5da11a42b40e', NULL, '9', DATE '2026-07-12', '20000000-0000-0000-0000-000000000003', 'Ницца', 9, 1, now(), now()),
    ('40000000-0000-0000-0000-000000000011', '7a835df2-a238-4c4b-9f36-5da11a42b40e', NULL, '10', DATE '2026-07-13', '20000000-0000-0000-0000-000000000004', 'Париж', 10, 1, now(), now()),
    ('40000000-0000-0000-0000-000000000012', '7a835df2-a238-4c4b-9f36-5da11a42b40e', NULL, '11', DATE '2026-07-14', '20000000-0000-0000-0000-000000000004', 'Париж', 11, 1, now(), now()),
    ('40000000-0000-0000-0000-000000000013', '7a835df2-a238-4c4b-9f36-5da11a42b40e', NULL, '12', DATE '2026-07-15', '20000000-0000-0000-0000-000000000004', 'Париж', 12, 1, now(), now()),
    ('40000000-0000-0000-0000-000000000014', '7a835df2-a238-4c4b-9f36-5da11a42b40e', NULL, '13', DATE '2026-07-16', '20000000-0000-0000-0000-000000000004', 'Париж', 13, 1, now(), now()),
    ('40000000-0000-0000-0000-000000000015', '7a835df2-a238-4c4b-9f36-5da11a42b40e', NULL, '14', DATE '2026-07-17', '20000000-0000-0000-0000-000000000005', 'Брюссель', 14, 1, now(), now()),
    ('40000000-0000-0000-0000-000000000016', '7a835df2-a238-4c4b-9f36-5da11a42b40e', NULL, '15', DATE '2026-07-18', '20000000-0000-0000-0000-000000000005', 'Брюссель', 15, 1, now(), now()),
    ('40000000-0000-0000-0000-000000000017', '7a835df2-a238-4c4b-9f36-5da11a42b40e', NULL, '16', DATE '2026-07-19', '20000000-0000-0000-0000-000000000006', 'Амстердам', 16, 1, now(), now()),
    ('40000000-0000-0000-0000-000000000018', '7a835df2-a238-4c4b-9f36-5da11a42b40e', NULL, '17', DATE '2026-07-20', '20000000-0000-0000-0000-000000000006', 'Амстердам', 17, 1, now(), now()),
    ('40000000-0000-0000-0000-000000000019', '7a835df2-a238-4c4b-9f36-5da11a42b40e', NULL, '18', DATE '2026-07-21', '20000000-0000-0000-0000-000000000006', 'Амстердам', 18, 1, now(), now())
ON CONFLICT (trip_id, date) DO NOTHING;

INSERT INTO plan_items (
    id, trip_id, client_id, source_day_id, title, city_id, city_name_snapshot, category,
    schedule_type, period, start_at, end_at, timezone, sort_index, needs_ticket, ticket_bought,
    version, created_by, created_at, updated_at, deleted_at
)
VALUES
    ('50000000-0000-0000-0000-000000000001', '7a835df2-a238-4c4b-9f36-5da11a42b40e', NULL, '40000000-0000-0000-0000-000000000001', 'Перелет в Барселону', '20000000-0000-0000-0000-000000000001', 'Барселона', 'transfer', 'exact', NULL, TIMESTAMPTZ '2026-07-03T17:00:00+02:00', TIMESTAMPTZ '2026-07-04T07:00:00+02:00', 'Europe/Madrid', 0, false, false, 1, '11111111-1111-1111-1111-111111111111', now(), now(), NULL),
    ('50000000-0000-0000-0000-000000000002', '7a835df2-a238-4c4b-9f36-5da11a42b40e', NULL, '40000000-0000-0000-0000-000000000002', 'Пробуем договориться с отелем и оставить у них вещи', '20000000-0000-0000-0000-000000000001', 'Барселона', 'rest', 'period', 'morning', NULL, NULL, NULL, 0, false, false, 1, '11111111-1111-1111-1111-111111111111', now(), now(), NULL),
    ('50000000-0000-0000-0000-000000000003', '7a835df2-a238-4c4b-9f36-5da11a42b40e', NULL, '40000000-0000-0000-0000-000000000002', 'Passeig de Gracia, площадь Каталонии, Рамбла, Готический квартал', '20000000-0000-0000-0000-000000000001', 'Барселона', 'walk', 'period', 'afternoon', NULL, NULL, NULL, 1, false, false, 1, '11111111-1111-1111-1111-111111111111', now(), now(), NULL),
    ('50000000-0000-0000-0000-000000000004', '7a835df2-a238-4c4b-9f36-5da11a42b40e', NULL, '40000000-0000-0000-0000-000000000002', 'Casa Batllo вечером, если будут силы', '20000000-0000-0000-0000-000000000001', 'Барселона', 'sight', 'period', 'evening', NULL, NULL, NULL, 2, true, false, 1, '11111111-1111-1111-1111-111111111111', now(), now(), NULL),
    ('50000000-0000-0000-0000-000000000005', '7a835df2-a238-4c4b-9f36-5da11a42b40e', NULL, '40000000-0000-0000-0000-000000000002', 'Ужин тапасами или ресторан, который хотела Уля', '20000000-0000-0000-0000-000000000001', 'Барселона', 'food', 'period', 'evening', NULL, NULL, NULL, 3, false, false, 1, '11111111-1111-1111-1111-111111111111', now(), now(), NULL),
    ('50000000-0000-0000-0000-000000000006', '7a835df2-a238-4c4b-9f36-5da11a42b40e', NULL, '40000000-0000-0000-0000-000000000003', 'Госпиталь Сан-Пау', '20000000-0000-0000-0000-000000000001', 'Барселона', 'sight', 'period', 'morning', NULL, NULL, NULL, 0, true, false, 1, '11111111-1111-1111-1111-111111111111', now(), now(), NULL),
    ('50000000-0000-0000-0000-000000000007', '7a835df2-a238-4c4b-9f36-5da11a42b40e', NULL, '40000000-0000-0000-0000-000000000003', 'Саграда Фамилия', '20000000-0000-0000-0000-000000000001', 'Барселона', 'sight', 'period', 'afternoon', NULL, NULL, NULL, 1, true, false, 1, '11111111-1111-1111-1111-111111111111', now(), now(), NULL),
    ('50000000-0000-0000-0000-000000000008', '7a835df2-a238-4c4b-9f36-5da11a42b40e', NULL, '40000000-0000-0000-0000-000000000003', 'Тибидабо: катаемся, чиллим и, возможно, встречаем закат', '20000000-0000-0000-0000-000000000001', 'Барселона', 'sight', 'period', 'evening', NULL, NULL, NULL, 2, false, false, 1, '11111111-1111-1111-1111-111111111111', now(), now(), NULL)
ON CONFLICT (id) DO NOTHING;

INSERT INTO expenses (
    id, trip_id, client_id, title, amount_minor, currency_code, paid_by_party_id, occurred_at,
    category, note, version, created_by, created_at, updated_at, deleted_at
)
VALUES
    ('60000000-0000-0000-0000-000000000001', '7a835df2-a238-4c4b-9f36-5da11a42b40e', NULL, 'Апартаменты в Барселоне', 62000, 'EUR', '30000000-0000-0000-0000-000000000001', TIMESTAMPTZ '2026-07-04T12:00:00+02:00', NULL, NULL, 1, '11111111-1111-1111-1111-111111111111', now(), now(), NULL),
    ('60000000-0000-0000-0000-000000000002', '7a835df2-a238-4c4b-9f36-5da11a42b40e', NULL, 'Билеты в Саграду', 10400, 'EUR', '30000000-0000-0000-0000-000000000002', TIMESTAMPTZ '2026-07-05T13:00:00+02:00', NULL, NULL, 1, '11111111-1111-1111-1111-111111111111', now(), now(), NULL),
    ('60000000-0000-0000-0000-000000000003', '7a835df2-a238-4c4b-9f36-5da11a42b40e', NULL, 'Такси из аэропорта', 4800, 'EUR', '30000000-0000-0000-0000-000000000003', TIMESTAMPTZ '2026-07-07T11:00:00+02:00', NULL, NULL, 1, '11111111-1111-1111-1111-111111111111', now(), now(), NULL),
    ('60000000-0000-0000-0000-000000000004', '7a835df2-a238-4c4b-9f36-5da11a42b40e', NULL, 'Ужин тапасами', 15600, 'EUR', '30000000-0000-0000-0000-000000000004', TIMESTAMPTZ '2026-07-04T21:00:00+02:00', NULL, NULL, 1, '11111111-1111-1111-1111-111111111111', now(), now(), NULL),
    ('60000000-0000-0000-0000-000000000005', '7a835df2-a238-4c4b-9f36-5da11a42b40e', NULL, 'Кофе и завтраки', 3800, 'EUR', '30000000-0000-0000-0000-000000000001', TIMESTAMPTZ '2026-07-08T10:00:00+02:00', NULL, NULL, 1, '11111111-1111-1111-1111-111111111111', now(), now(), NULL),
    ('60000000-0000-0000-0000-000000000006', '7a835df2-a238-4c4b-9f36-5da11a42b40e', NULL, 'Страховка', 720000, 'RUB', '30000000-0000-0000-0000-000000000002', TIMESTAMPTZ '2026-07-03T16:00:00+03:00', NULL, NULL, 1, '11111111-1111-1111-1111-111111111111', now(), now(), NULL)
ON CONFLICT (id) DO NOTHING;

INSERT INTO expense_shares (id, expense_id, party_id, share_minor, created_at)
VALUES
    ('70000000-0000-0000-0000-000000000001', '60000000-0000-0000-0000-000000000001', '30000000-0000-0000-0000-000000000001', 15500, now()),
    ('70000000-0000-0000-0000-000000000002', '60000000-0000-0000-0000-000000000001', '30000000-0000-0000-0000-000000000002', 15500, now()),
    ('70000000-0000-0000-0000-000000000003', '60000000-0000-0000-0000-000000000001', '30000000-0000-0000-0000-000000000003', 15500, now()),
    ('70000000-0000-0000-0000-000000000004', '60000000-0000-0000-0000-000000000001', '30000000-0000-0000-0000-000000000004', 15500, now()),
    ('70000000-0000-0000-0000-000000000005', '60000000-0000-0000-0000-000000000002', '30000000-0000-0000-0000-000000000001', 2600, now()),
    ('70000000-0000-0000-0000-000000000006', '60000000-0000-0000-0000-000000000002', '30000000-0000-0000-0000-000000000002', 2600, now()),
    ('70000000-0000-0000-0000-000000000007', '60000000-0000-0000-0000-000000000002', '30000000-0000-0000-0000-000000000003', 2600, now()),
    ('70000000-0000-0000-0000-000000000008', '60000000-0000-0000-0000-000000000002', '30000000-0000-0000-0000-000000000004', 2600, now()),
    ('70000000-0000-0000-0000-000000000009', '60000000-0000-0000-0000-000000000003', '30000000-0000-0000-0000-000000000001', 1600, now()),
    ('70000000-0000-0000-0000-000000000010', '60000000-0000-0000-0000-000000000003', '30000000-0000-0000-0000-000000000003', 1600, now()),
    ('70000000-0000-0000-0000-000000000011', '60000000-0000-0000-0000-000000000003', '30000000-0000-0000-0000-000000000004', 1600, now()),
    ('70000000-0000-0000-0000-000000000012', '60000000-0000-0000-0000-000000000004', '30000000-0000-0000-0000-000000000001', 3900, now()),
    ('70000000-0000-0000-0000-000000000013', '60000000-0000-0000-0000-000000000004', '30000000-0000-0000-0000-000000000002', 3900, now()),
    ('70000000-0000-0000-0000-000000000014', '60000000-0000-0000-0000-000000000004', '30000000-0000-0000-0000-000000000003', 3900, now()),
    ('70000000-0000-0000-0000-000000000015', '60000000-0000-0000-0000-000000000004', '30000000-0000-0000-0000-000000000004', 3900, now()),
    ('70000000-0000-0000-0000-000000000016', '60000000-0000-0000-0000-000000000005', '30000000-0000-0000-0000-000000000001', 1900, now()),
    ('70000000-0000-0000-0000-000000000017', '60000000-0000-0000-0000-000000000005', '30000000-0000-0000-0000-000000000002', 1900, now()),
    ('70000000-0000-0000-0000-000000000018', '60000000-0000-0000-0000-000000000006', '30000000-0000-0000-0000-000000000001', 180000, now()),
    ('70000000-0000-0000-0000-000000000019', '60000000-0000-0000-0000-000000000006', '30000000-0000-0000-0000-000000000002', 180000, now()),
    ('70000000-0000-0000-0000-000000000020', '60000000-0000-0000-0000-000000000006', '30000000-0000-0000-0000-000000000003', 180000, now()),
    ('70000000-0000-0000-0000-000000000021', '60000000-0000-0000-0000-000000000006', '30000000-0000-0000-0000-000000000004', 180000, now())
ON CONFLICT (id) DO NOTHING;
